-- Generated by db/seed/generate-seed.mjs — do not hand-edit, regenerate instead.
-- Placeholder image URLs point at a not-yet-real domain; swap for R2 public URLs once photos are uploaded.

INSERT INTO brands (id, name, slug, description) VALUES ('brand:caryophy', 'Caryophy', 'caryophy', 'Korean skincare brand focused on gentle, repair-driven formulas.');

INSERT INTO categories (id, parent_id, name, slug) VALUES ('cat:makeup', NULL, 'Makeup', 'makeup');
INSERT INTO categories (id, parent_id, name, slug) VALUES ('cat:skin-care', NULL, 'Skin Care', 'skin-care');
INSERT INTO categories (id, parent_id, name, slug) VALUES ('cat:personal-care', NULL, 'Personal Care', 'personal-care');
INSERT INTO categories (id, parent_id, name, slug) VALUES ('cat:supplements', NULL, 'Supplements', 'supplements');
INSERT INTO categories (id, parent_id, name, slug) VALUES ('cat:beauty-tools', NULL, 'Beauty Tools', 'beauty-tools');
INSERT INTO categories (id, parent_id, name, slug) VALUES ('cat:cleansing', 'cat:skin-care', 'Cleansing', 'cleansing');
INSERT INTO categories (id, parent_id, name, slug) VALUES ('cat:moisturizing', 'cat:skin-care', 'Moisturizing', 'moisturizing');
INSERT INTO categories (id, parent_id, name, slug) VALUES ('cat:masks', 'cat:moisturizing', 'Masks', 'masks');

INSERT INTO products (id, slug, brand_id, sku, name, summary, price, compare_at_price, rating_avg, rating_count, sold_count, status) VALUES ('prod:brightening-sunscreen-spf50-pa-50ml', 'brightening-sunscreen-spf50-pa-50ml', NULL, NULL, 'Brightening Sunscreen SPF50+ PA++++ 50ml', NULL, 139000, 350000, 0, 0, 0, 'active');
INSERT INTO product_categories (product_id, category_id, is_primary) VALUES ('prod:brightening-sunscreen-spf50-pa-50ml', 'cat:skin-care', 1);
INSERT INTO product_images (id, product_id, url, alt_text, sort_order) VALUES ('img:brightening-sunscreen-spf50-pa-50ml:1', 'prod:brightening-sunscreen-spf50-pa-50ml', 'https://assets.pharmacy-vitamin.example/brightening-sunscreen-spf50-pa-50ml-1.jpg', 'Brightening Sunscreen SPF50+ PA++++ 50ml', 0);
INSERT INTO product_images (id, product_id, url, alt_text, sort_order) VALUES ('img:brightening-sunscreen-spf50-pa-50ml:2', 'prod:brightening-sunscreen-spf50-pa-50ml', 'https://assets.pharmacy-vitamin.example/brightening-sunscreen-spf50-pa-50ml-2.jpg', 'Brightening Sunscreen SPF50+ PA++++ 50ml', 1);
INSERT INTO product_images (id, product_id, url, alt_text, sort_order) VALUES ('img:brightening-sunscreen-spf50-pa-50ml:3', 'prod:brightening-sunscreen-spf50-pa-50ml', 'https://assets.pharmacy-vitamin.example/brightening-sunscreen-spf50-pa-50ml-3.jpg', 'Brightening Sunscreen SPF50+ PA++++ 50ml', 2);

INSERT INTO products (id, slug, brand_id, sku, name, summary, price, compare_at_price, rating_avg, rating_count, sold_count, status) VALUES ('prod:hyaluronic-acid-cleansing-water-200ml', 'hyaluronic-acid-cleansing-water-200ml', NULL, NULL, 'Hyaluronic Acid Cleansing Water 200ml', NULL, 99000, NULL, 0, 0, 0, 'active');
INSERT INTO product_categories (product_id, category_id, is_primary) VALUES ('prod:hyaluronic-acid-cleansing-water-200ml', 'cat:skin-care', 0);
INSERT INTO product_categories (product_id, category_id, is_primary) VALUES ('prod:hyaluronic-acid-cleansing-water-200ml', 'cat:cleansing', 1);
INSERT INTO product_images (id, product_id, url, alt_text, sort_order) VALUES ('img:hyaluronic-acid-cleansing-water-200ml:1', 'prod:hyaluronic-acid-cleansing-water-200ml', 'https://assets.pharmacy-vitamin.example/hyaluronic-acid-cleansing-water-200ml-1.jpg', 'Hyaluronic Acid Cleansing Water 200ml', 0);
INSERT INTO product_images (id, product_id, url, alt_text, sort_order) VALUES ('img:hyaluronic-acid-cleansing-water-200ml:2', 'prod:hyaluronic-acid-cleansing-water-200ml', 'https://assets.pharmacy-vitamin.example/hyaluronic-acid-cleansing-water-200ml-2.jpg', 'Hyaluronic Acid Cleansing Water 200ml', 1);
INSERT INTO product_images (id, product_id, url, alt_text, sort_order) VALUES ('img:hyaluronic-acid-cleansing-water-200ml:3', 'prod:hyaluronic-acid-cleansing-water-200ml', 'https://assets.pharmacy-vitamin.example/hyaluronic-acid-cleansing-water-200ml-3.jpg', 'Hyaluronic Acid Cleansing Water 200ml', 2);
INSERT INTO product_options (id, product_id, name, sort_order) VALUES ('opt:hyaluronic-acid-cleansing-water-200ml:size', 'prod:hyaluronic-acid-cleansing-water-200ml', 'Size', 0);
INSERT INTO product_option_values (id, option_id, value, sort_order) VALUES ('optval:hyaluronic-acid-cleansing-water-200ml:size:200ml', 'opt:hyaluronic-acid-cleansing-water-200ml:size', '200ml', 0);
INSERT INTO product_variants (id, product_id, sku, price, compare_at_price, stock_quantity) VALUES ('var:hyaluronic-acid-cleansing-water-200ml:200ml', 'prod:hyaluronic-acid-cleansing-water-200ml', NULL, 99000, NULL, 50);
INSERT INTO product_variant_option_values (variant_id, option_value_id) VALUES ('var:hyaluronic-acid-cleansing-water-200ml:200ml', 'optval:hyaluronic-acid-cleansing-water-200ml:size:200ml');
INSERT INTO product_option_values (id, option_id, value, sort_order) VALUES ('optval:hyaluronic-acid-cleansing-water-200ml:size:400ml', 'opt:hyaluronic-acid-cleansing-water-200ml:size', '400ml', 1);
INSERT INTO product_variants (id, product_id, sku, price, compare_at_price, stock_quantity) VALUES ('var:hyaluronic-acid-cleansing-water-200ml:400ml', 'prod:hyaluronic-acid-cleansing-water-200ml', NULL, 159000, NULL, 50);
INSERT INTO product_variant_option_values (variant_id, option_value_id) VALUES ('var:hyaluronic-acid-cleansing-water-200ml:400ml', 'optval:hyaluronic-acid-cleansing-water-200ml:size:400ml');

INSERT INTO products (id, slug, brand_id, sku, name, summary, price, compare_at_price, rating_avg, rating_count, sold_count, status) VALUES ('prod:vitamin-c-brightening-serum-30ml', 'vitamin-c-brightening-serum-30ml', NULL, NULL, 'Vitamin C Brightening Serum 30ml', NULL, 259000, 420000, 0, 0, 0, 'active');
INSERT INTO product_categories (product_id, category_id, is_primary) VALUES ('prod:vitamin-c-brightening-serum-30ml', 'cat:skin-care', 1);
INSERT INTO product_images (id, product_id, url, alt_text, sort_order) VALUES ('img:vitamin-c-brightening-serum-30ml:1', 'prod:vitamin-c-brightening-serum-30ml', 'https://assets.pharmacy-vitamin.example/vitamin-c-brightening-serum-30ml-1.jpg', 'Vitamin C Brightening Serum 30ml', 0);
INSERT INTO product_images (id, product_id, url, alt_text, sort_order) VALUES ('img:vitamin-c-brightening-serum-30ml:2', 'prod:vitamin-c-brightening-serum-30ml', 'https://assets.pharmacy-vitamin.example/vitamin-c-brightening-serum-30ml-2.jpg', 'Vitamin C Brightening Serum 30ml', 1);
INSERT INTO product_images (id, product_id, url, alt_text, sort_order) VALUES ('img:vitamin-c-brightening-serum-30ml:3', 'prod:vitamin-c-brightening-serum-30ml', 'https://assets.pharmacy-vitamin.example/vitamin-c-brightening-serum-30ml-3.jpg', 'Vitamin C Brightening Serum 30ml', 2);

INSERT INTO products (id, slug, brand_id, sku, name, summary, price, compare_at_price, rating_avg, rating_count, sold_count, status) VALUES ('prod:calming-sheet-mask-pack-of-5', 'calming-sheet-mask-pack-of-5', NULL, NULL, 'Calming Sheet Mask (Pack of 5)', NULL, 89000, 120000, 0, 0, 0, 'active');
INSERT INTO product_categories (product_id, category_id, is_primary) VALUES ('prod:calming-sheet-mask-pack-of-5', 'cat:skin-care', 0);
INSERT INTO product_categories (product_id, category_id, is_primary) VALUES ('prod:calming-sheet-mask-pack-of-5', 'cat:moisturizing', 0);
INSERT INTO product_categories (product_id, category_id, is_primary) VALUES ('prod:calming-sheet-mask-pack-of-5', 'cat:masks', 1);
INSERT INTO product_images (id, product_id, url, alt_text, sort_order) VALUES ('img:calming-sheet-mask-pack-of-5:1', 'prod:calming-sheet-mask-pack-of-5', 'https://assets.pharmacy-vitamin.example/calming-sheet-mask-pack-of-5-1.jpg', 'Calming Sheet Mask (Pack of 5)', 0);
INSERT INTO product_images (id, product_id, url, alt_text, sort_order) VALUES ('img:calming-sheet-mask-pack-of-5:2', 'prod:calming-sheet-mask-pack-of-5', 'https://assets.pharmacy-vitamin.example/calming-sheet-mask-pack-of-5-2.jpg', 'Calming Sheet Mask (Pack of 5)', 1);
INSERT INTO product_images (id, product_id, url, alt_text, sort_order) VALUES ('img:calming-sheet-mask-pack-of-5:3', 'prod:calming-sheet-mask-pack-of-5', 'https://assets.pharmacy-vitamin.example/calming-sheet-mask-pack-of-5-3.jpg', 'Calming Sheet Mask (Pack of 5)', 2);

INSERT INTO products (id, slug, brand_id, sku, name, summary, price, compare_at_price, rating_avg, rating_count, sold_count, status) VALUES ('prod:gentle-foaming-cleanser-150ml', 'gentle-foaming-cleanser-150ml', NULL, NULL, 'Gentle Foaming Cleanser 150ml', NULL, 175000, 210000, 0, 0, 0, 'active');
INSERT INTO product_categories (product_id, category_id, is_primary) VALUES ('prod:gentle-foaming-cleanser-150ml', 'cat:skin-care', 0);
INSERT INTO product_categories (product_id, category_id, is_primary) VALUES ('prod:gentle-foaming-cleanser-150ml', 'cat:cleansing', 1);
INSERT INTO product_images (id, product_id, url, alt_text, sort_order) VALUES ('img:gentle-foaming-cleanser-150ml:1', 'prod:gentle-foaming-cleanser-150ml', 'https://assets.pharmacy-vitamin.example/gentle-foaming-cleanser-150ml-1.jpg', 'Gentle Foaming Cleanser 150ml', 0);
INSERT INTO product_images (id, product_id, url, alt_text, sort_order) VALUES ('img:gentle-foaming-cleanser-150ml:2', 'prod:gentle-foaming-cleanser-150ml', 'https://assets.pharmacy-vitamin.example/gentle-foaming-cleanser-150ml-2.jpg', 'Gentle Foaming Cleanser 150ml', 1);
INSERT INTO product_images (id, product_id, url, alt_text, sort_order) VALUES ('img:gentle-foaming-cleanser-150ml:3', 'prod:gentle-foaming-cleanser-150ml', 'https://assets.pharmacy-vitamin.example/gentle-foaming-cleanser-150ml-3.jpg', 'Gentle Foaming Cleanser 150ml', 2);

INSERT INTO products (id, slug, brand_id, sku, name, summary, price, compare_at_price, rating_avg, rating_count, sold_count, status) VALUES ('prod:caryophy-skin-repair-mask-sheet-25g', 'caryophy-skin-repair-mask-sheet-25g', 'brand:caryophy', '8809501251087-1', 'Skin Repair Sheet Mask 25g', 'A soothing sheet mask built for stressed, post-treatment skin. A lightweight essence delivers an instant moisture boost while calming redness and irritation, leaving skin softer and visibly calmer after a single use.', 22000, 50000, 4.9, 86, 1205, 'active');
INSERT INTO product_categories (product_id, category_id, is_primary) VALUES ('prod:caryophy-skin-repair-mask-sheet-25g', 'cat:skin-care', 0);
INSERT INTO product_categories (product_id, category_id, is_primary) VALUES ('prod:caryophy-skin-repair-mask-sheet-25g', 'cat:moisturizing', 0);
INSERT INTO product_categories (product_id, category_id, is_primary) VALUES ('prod:caryophy-skin-repair-mask-sheet-25g', 'cat:masks', 1);
INSERT INTO product_images (id, product_id, url, alt_text, sort_order) VALUES ('img:caryophy-skin-repair-mask-sheet-25g:1', 'prod:caryophy-skin-repair-mask-sheet-25g', 'https://assets.pharmacy-vitamin.example/caryophy-skin-repair-mask-sheet-25g-1.jpg', 'Skin Repair Sheet Mask 25g', 0);
INSERT INTO product_images (id, product_id, url, alt_text, sort_order) VALUES ('img:caryophy-skin-repair-mask-sheet-25g:2', 'prod:caryophy-skin-repair-mask-sheet-25g', 'https://assets.pharmacy-vitamin.example/caryophy-skin-repair-mask-sheet-25g-2.jpg', 'Skin Repair Sheet Mask 25g', 1);
INSERT INTO product_images (id, product_id, url, alt_text, sort_order) VALUES ('img:caryophy-skin-repair-mask-sheet-25g:3', 'prod:caryophy-skin-repair-mask-sheet-25g', 'https://assets.pharmacy-vitamin.example/caryophy-skin-repair-mask-sheet-25g-3.jpg', 'Skin Repair Sheet Mask 25g', 2);
INSERT INTO product_bullets (id, product_id, type, content, sort_order) VALUES ('bul:caryophy-skin-repair-mask-sheet-25g:0', 'prod:caryophy-skin-repair-mask-sheet-25g', 'skin_concern', 'Sensitive or easily irritated skin', 0);
INSERT INTO product_bullets (id, product_id, type, content, sort_order) VALUES ('bul:caryophy-skin-repair-mask-sheet-25g:1', 'prod:caryophy-skin-repair-mask-sheet-25g', 'skin_concern', 'Dehydrated skin lacking moisture', 1);
INSERT INTO product_bullets (id, product_id, type, content, sort_order) VALUES ('bul:caryophy-skin-repair-mask-sheet-25g:2', 'prod:caryophy-skin-repair-mask-sheet-25g', 'skin_concern', 'Redness and a weakened skin barrier', 2);
INSERT INTO product_bullets (id, product_id, type, content, sort_order) VALUES ('bul:caryophy-skin-repair-mask-sheet-25g:3', 'prod:caryophy-skin-repair-mask-sheet-25g', 'how_to_use', 'Cleanse with a gentle cleanser and toner.', 3);
INSERT INTO product_bullets (id, product_id, type, content, sort_order) VALUES ('bul:caryophy-skin-repair-mask-sheet-25g:4', 'prod:caryophy-skin-repair-mask-sheet-25g', 'how_to_use', 'Unfold the sheet mask and smooth it onto clean, dry skin.', 4);
INSERT INTO product_bullets (id, product_id, type, content, sort_order) VALUES ('bul:caryophy-skin-repair-mask-sheet-25g:5', 'prod:caryophy-skin-repair-mask-sheet-25g', 'how_to_use', 'Leave on for 15–20 minutes.', 5);
INSERT INTO product_bullets (id, product_id, type, content, sort_order) VALUES ('bul:caryophy-skin-repair-mask-sheet-25g:6', 'prod:caryophy-skin-repair-mask-sheet-25g', 'how_to_use', 'Remove the sheet and pat the remaining essence into skin.', 6);
INSERT INTO product_ingredients (id, product_id, name, benefit, sort_order) VALUES ('ing:caryophy-skin-repair-mask-sheet-25g:0', 'prod:caryophy-skin-repair-mask-sheet-25g', 'Panthenol (Vitamin B5)', 'Calms irritation and locks in moisture', 0);
INSERT INTO product_ingredients (id, product_id, name, benefit, sort_order) VALUES ('ing:caryophy-skin-repair-mask-sheet-25g:1', 'prod:caryophy-skin-repair-mask-sheet-25g', 'Beta-Glucan', 'Strengthens the skin barrier and aids recovery', 1);
INSERT INTO product_ingredients (id, product_id, name, benefit, sort_order) VALUES ('ing:caryophy-skin-repair-mask-sheet-25g:2', 'prod:caryophy-skin-repair-mask-sheet-25g', 'Centella Asiatica Extract', 'Soothes redness and supports skin repair', 2);
INSERT INTO product_ingredients (id, product_id, name, benefit, sort_order) VALUES ('ing:caryophy-skin-repair-mask-sheet-25g:3', 'prod:caryophy-skin-repair-mask-sheet-25g', 'Grape Extract', 'Antioxidant support against environmental stress', 3);
INSERT INTO product_ingredients (id, product_id, name, benefit, sort_order) VALUES ('ing:caryophy-skin-repair-mask-sheet-25g:4', 'prod:caryophy-skin-repair-mask-sheet-25g', 'Chamomile Extract (Guaiazulene)', 'Gentle, cooling relief for reactive skin', 4);

INSERT INTO products (id, slug, brand_id, sku, name, summary, price, compare_at_price, rating_avg, rating_count, sold_count, status) VALUES ('prod:aqua-tone-up-sunscreen-spf50-pa', 'aqua-tone-up-sunscreen-spf50-pa', NULL, NULL, 'Aqua Tone-Up Sunscreen SPF50+ PA++++', NULL, 345000, 560000, 0, 0, 1196, 'active');
INSERT INTO product_categories (product_id, category_id, is_primary) VALUES ('prod:aqua-tone-up-sunscreen-spf50-pa', 'cat:skin-care', 1);
INSERT INTO product_images (id, product_id, url, alt_text, sort_order) VALUES ('img:aqua-tone-up-sunscreen-spf50-pa:1', 'prod:aqua-tone-up-sunscreen-spf50-pa', 'https://assets.pharmacy-vitamin.example/aqua-tone-up-sunscreen-spf50-pa-1.jpg', 'Aqua Tone-Up Sunscreen SPF50+ PA++++', 0);
INSERT INTO product_images (id, product_id, url, alt_text, sort_order) VALUES ('img:aqua-tone-up-sunscreen-spf50-pa:2', 'prod:aqua-tone-up-sunscreen-spf50-pa', 'https://assets.pharmacy-vitamin.example/aqua-tone-up-sunscreen-spf50-pa-2.jpg', 'Aqua Tone-Up Sunscreen SPF50+ PA++++', 1);
INSERT INTO product_images (id, product_id, url, alt_text, sort_order) VALUES ('img:aqua-tone-up-sunscreen-spf50-pa:3', 'prod:aqua-tone-up-sunscreen-spf50-pa', 'https://assets.pharmacy-vitamin.example/aqua-tone-up-sunscreen-spf50-pa-3.jpg', 'Aqua Tone-Up Sunscreen SPF50+ PA++++', 2);
INSERT INTO product_options (id, product_id, name, sort_order) VALUES ('opt:aqua-tone-up-sunscreen-spf50-pa:size', 'prod:aqua-tone-up-sunscreen-spf50-pa', 'Size', 0);
INSERT INTO product_option_values (id, option_id, value, sort_order) VALUES ('optval:aqua-tone-up-sunscreen-spf50-pa:size:50ml', 'opt:aqua-tone-up-sunscreen-spf50-pa:size', '50ml', 0);
INSERT INTO product_variants (id, product_id, sku, price, compare_at_price, stock_quantity) VALUES ('var:aqua-tone-up-sunscreen-spf50-pa:50ml', 'prod:aqua-tone-up-sunscreen-spf50-pa', NULL, 345000, 560000, 50);
INSERT INTO product_variant_option_values (variant_id, option_value_id) VALUES ('var:aqua-tone-up-sunscreen-spf50-pa:50ml', 'optval:aqua-tone-up-sunscreen-spf50-pa:size:50ml');
INSERT INTO product_option_values (id, option_id, value, sort_order) VALUES ('optval:aqua-tone-up-sunscreen-spf50-pa:size:70ml', 'opt:aqua-tone-up-sunscreen-spf50-pa:size', '70ml', 1);
INSERT INTO product_variants (id, product_id, sku, price, compare_at_price, stock_quantity) VALUES ('var:aqua-tone-up-sunscreen-spf50-pa:70ml', 'prod:aqua-tone-up-sunscreen-spf50-pa', NULL, 445000, NULL, 50);
INSERT INTO product_variant_option_values (variant_id, option_value_id) VALUES ('var:aqua-tone-up-sunscreen-spf50-pa:70ml', 'optval:aqua-tone-up-sunscreen-spf50-pa:size:70ml');

INSERT INTO products (id, slug, brand_id, sku, name, summary, price, compare_at_price, rating_avg, rating_count, sold_count, status) VALUES ('prod:pore-clearing-gommage-peel-120g', 'pore-clearing-gommage-peel-120g', NULL, NULL, 'Pore-Clearing Gommage Peel 120g', NULL, 130000, 150000, 0, 0, 1758, 'active');
INSERT INTO product_categories (product_id, category_id, is_primary) VALUES ('prod:pore-clearing-gommage-peel-120g', 'cat:skin-care', 1);
INSERT INTO product_images (id, product_id, url, alt_text, sort_order) VALUES ('img:pore-clearing-gommage-peel-120g:1', 'prod:pore-clearing-gommage-peel-120g', 'https://assets.pharmacy-vitamin.example/pore-clearing-gommage-peel-120g-1.jpg', 'Pore-Clearing Gommage Peel 120g', 0);
INSERT INTO product_images (id, product_id, url, alt_text, sort_order) VALUES ('img:pore-clearing-gommage-peel-120g:2', 'prod:pore-clearing-gommage-peel-120g', 'https://assets.pharmacy-vitamin.example/pore-clearing-gommage-peel-120g-2.jpg', 'Pore-Clearing Gommage Peel 120g', 1);
INSERT INTO product_images (id, product_id, url, alt_text, sort_order) VALUES ('img:pore-clearing-gommage-peel-120g:3', 'prod:pore-clearing-gommage-peel-120g', 'https://assets.pharmacy-vitamin.example/pore-clearing-gommage-peel-120g-3.jpg', 'Pore-Clearing Gommage Peel 120g', 2);

INSERT INTO products (id, slug, brand_id, sku, name, summary, price, compare_at_price, rating_avg, rating_count, sold_count, status) VALUES ('prod:uv-protection-milk-spf50-pa-60ml', 'uv-protection-milk-spf50-pa-60ml', NULL, NULL, 'UV Protection Milk SPF50+ PA+++ 60ml', NULL, 508000, 558000, 0, 0, 345, 'active');
INSERT INTO product_categories (product_id, category_id, is_primary) VALUES ('prod:uv-protection-milk-spf50-pa-60ml', 'cat:skin-care', 1);
INSERT INTO product_images (id, product_id, url, alt_text, sort_order) VALUES ('img:uv-protection-milk-spf50-pa-60ml:1', 'prod:uv-protection-milk-spf50-pa-60ml', 'https://assets.pharmacy-vitamin.example/uv-protection-milk-spf50-pa-60ml-1.jpg', 'UV Protection Milk SPF50+ PA+++ 60ml', 0);
INSERT INTO product_images (id, product_id, url, alt_text, sort_order) VALUES ('img:uv-protection-milk-spf50-pa-60ml:2', 'prod:uv-protection-milk-spf50-pa-60ml', 'https://assets.pharmacy-vitamin.example/uv-protection-milk-spf50-pa-60ml-2.jpg', 'UV Protection Milk SPF50+ PA+++ 60ml', 1);
INSERT INTO product_images (id, product_id, url, alt_text, sort_order) VALUES ('img:uv-protection-milk-spf50-pa-60ml:3', 'prod:uv-protection-milk-spf50-pa-60ml', 'https://assets.pharmacy-vitamin.example/uv-protection-milk-spf50-pa-60ml-3.jpg', 'UV Protection Milk SPF50+ PA+++ 60ml', 2);

INSERT INTO products (id, slug, brand_id, sku, name, summary, price, compare_at_price, rating_avg, rating_count, sold_count, status) VALUES ('prod:tinted-sunscreen-fluid-cream-40ml', 'tinted-sunscreen-fluid-cream-40ml', NULL, NULL, 'Tinted Sunscreen Fluid Cream 40ml', NULL, 869000, 1050000, 0, 0, 2075, 'active');
INSERT INTO product_categories (product_id, category_id, is_primary) VALUES ('prod:tinted-sunscreen-fluid-cream-40ml', 'cat:skin-care', 1);
INSERT INTO product_images (id, product_id, url, alt_text, sort_order) VALUES ('img:tinted-sunscreen-fluid-cream-40ml:1', 'prod:tinted-sunscreen-fluid-cream-40ml', 'https://assets.pharmacy-vitamin.example/tinted-sunscreen-fluid-cream-40ml-1.jpg', 'Tinted Sunscreen Fluid Cream 40ml', 0);
INSERT INTO product_images (id, product_id, url, alt_text, sort_order) VALUES ('img:tinted-sunscreen-fluid-cream-40ml:2', 'prod:tinted-sunscreen-fluid-cream-40ml', 'https://assets.pharmacy-vitamin.example/tinted-sunscreen-fluid-cream-40ml-2.jpg', 'Tinted Sunscreen Fluid Cream 40ml', 1);
INSERT INTO product_images (id, product_id, url, alt_text, sort_order) VALUES ('img:tinted-sunscreen-fluid-cream-40ml:3', 'prod:tinted-sunscreen-fluid-cream-40ml', 'https://assets.pharmacy-vitamin.example/tinted-sunscreen-fluid-cream-40ml-3.jpg', 'Tinted Sunscreen Fluid Cream 40ml', 2);

INSERT INTO products (id, slug, brand_id, sku, name, summary, price, compare_at_price, rating_avg, rating_count, sold_count, status) VALUES ('prod:glow-highlighter-5-9g', 'glow-highlighter-5-9g', NULL, NULL, 'Glow Highlighter 5.9g', NULL, 149000, NULL, 0, 0, 1146, 'active');
INSERT INTO product_categories (product_id, category_id, is_primary) VALUES ('prod:glow-highlighter-5-9g', 'cat:makeup', 1);
INSERT INTO product_images (id, product_id, url, alt_text, sort_order) VALUES ('img:glow-highlighter-5-9g:1', 'prod:glow-highlighter-5-9g', 'https://assets.pharmacy-vitamin.example/glow-highlighter-5-9g-1.jpg', 'Glow Highlighter 5.9g', 0);
INSERT INTO product_images (id, product_id, url, alt_text, sort_order) VALUES ('img:glow-highlighter-5-9g:2', 'prod:glow-highlighter-5-9g', 'https://assets.pharmacy-vitamin.example/glow-highlighter-5-9g-2.jpg', 'Glow Highlighter 5.9g', 1);
INSERT INTO product_images (id, product_id, url, alt_text, sort_order) VALUES ('img:glow-highlighter-5-9g:3', 'prod:glow-highlighter-5-9g', 'https://assets.pharmacy-vitamin.example/glow-highlighter-5-9g-3.jpg', 'Glow Highlighter 5.9g', 2);
INSERT INTO product_options (id, product_id, name, sort_order) VALUES ('opt:glow-highlighter-5-9g:shade', 'prod:glow-highlighter-5-9g', 'Shade', 0);
INSERT INTO product_option_values (id, option_id, value, sort_order) VALUES ('optval:glow-highlighter-5-9g:shade:shade-01', 'opt:glow-highlighter-5-9g:shade', 'Shade 01', 0);
INSERT INTO product_variants (id, product_id, sku, price, compare_at_price, stock_quantity) VALUES ('var:glow-highlighter-5-9g:shade-01', 'prod:glow-highlighter-5-9g', NULL, 149000, NULL, 50);
INSERT INTO product_variant_option_values (variant_id, option_value_id) VALUES ('var:glow-highlighter-5-9g:shade-01', 'optval:glow-highlighter-5-9g:shade:shade-01');
INSERT INTO product_option_values (id, option_id, value, sort_order) VALUES ('optval:glow-highlighter-5-9g:shade:shade-02', 'opt:glow-highlighter-5-9g:shade', 'Shade 02', 1);
INSERT INTO product_variants (id, product_id, sku, price, compare_at_price, stock_quantity) VALUES ('var:glow-highlighter-5-9g:shade-02', 'prod:glow-highlighter-5-9g', NULL, 155000, NULL, 50);
INSERT INTO product_variant_option_values (variant_id, option_value_id) VALUES ('var:glow-highlighter-5-9g:shade-02', 'optval:glow-highlighter-5-9g:shade:shade-02');

INSERT INTO products (id, slug, brand_id, sku, name, summary, price, compare_at_price, rating_avg, rating_count, sold_count, status) VALUES ('prod:single-blusher-5g', 'single-blusher-5g', NULL, NULL, 'Single Blusher 5g', NULL, 99000, 159000, 0, 0, 545, 'active');
INSERT INTO product_categories (product_id, category_id, is_primary) VALUES ('prod:single-blusher-5g', 'cat:makeup', 1);
INSERT INTO product_images (id, product_id, url, alt_text, sort_order) VALUES ('img:single-blusher-5g:1', 'prod:single-blusher-5g', 'https://assets.pharmacy-vitamin.example/single-blusher-5g-1.jpg', 'Single Blusher 5g', 0);
INSERT INTO product_images (id, product_id, url, alt_text, sort_order) VALUES ('img:single-blusher-5g:2', 'prod:single-blusher-5g', 'https://assets.pharmacy-vitamin.example/single-blusher-5g-2.jpg', 'Single Blusher 5g', 1);
INSERT INTO product_images (id, product_id, url, alt_text, sort_order) VALUES ('img:single-blusher-5g:3', 'prod:single-blusher-5g', 'https://assets.pharmacy-vitamin.example/single-blusher-5g-3.jpg', 'Single Blusher 5g', 2);
INSERT INTO product_options (id, product_id, name, sort_order) VALUES ('opt:single-blusher-5g:shade', 'prod:single-blusher-5g', 'Shade', 0);
INSERT INTO product_option_values (id, option_id, value, sort_order) VALUES ('optval:single-blusher-5g:shade:shade-01', 'opt:single-blusher-5g:shade', 'Shade 01', 0);
INSERT INTO product_variants (id, product_id, sku, price, compare_at_price, stock_quantity) VALUES ('var:single-blusher-5g:shade-01', 'prod:single-blusher-5g', NULL, 99000, 159000, 50);
INSERT INTO product_variant_option_values (variant_id, option_value_id) VALUES ('var:single-blusher-5g:shade-01', 'optval:single-blusher-5g:shade:shade-01');
INSERT INTO product_option_values (id, option_id, value, sort_order) VALUES ('optval:single-blusher-5g:shade:shade-02', 'opt:single-blusher-5g:shade', 'Shade 02', 1);
INSERT INTO product_variants (id, product_id, sku, price, compare_at_price, stock_quantity) VALUES ('var:single-blusher-5g:shade-02', 'prod:single-blusher-5g', NULL, 99000, 159000, 50);
INSERT INTO product_variant_option_values (variant_id, option_value_id) VALUES ('var:single-blusher-5g:shade-02', 'optval:single-blusher-5g:shade:shade-02');

INSERT INTO products (id, slug, brand_id, sku, name, summary, price, compare_at_price, rating_avg, rating_count, sold_count, status) VALUES ('prod:moisturizing-lip-balm-stick-4g', 'moisturizing-lip-balm-stick-4g', NULL, NULL, 'Moisturizing Lip Balm Stick 4g', NULL, 149000, 155000, 5, 44, 0, 'active');
INSERT INTO product_categories (product_id, category_id, is_primary) VALUES ('prod:moisturizing-lip-balm-stick-4g', 'cat:makeup', 1);
INSERT INTO product_images (id, product_id, url, alt_text, sort_order) VALUES ('img:moisturizing-lip-balm-stick-4g:1', 'prod:moisturizing-lip-balm-stick-4g', 'https://assets.pharmacy-vitamin.example/moisturizing-lip-balm-stick-4g-1.jpg', 'Moisturizing Lip Balm Stick 4g', 0);
INSERT INTO product_images (id, product_id, url, alt_text, sort_order) VALUES ('img:moisturizing-lip-balm-stick-4g:2', 'prod:moisturizing-lip-balm-stick-4g', 'https://assets.pharmacy-vitamin.example/moisturizing-lip-balm-stick-4g-2.jpg', 'Moisturizing Lip Balm Stick 4g', 1);
INSERT INTO product_images (id, product_id, url, alt_text, sort_order) VALUES ('img:moisturizing-lip-balm-stick-4g:3', 'prod:moisturizing-lip-balm-stick-4g', 'https://assets.pharmacy-vitamin.example/moisturizing-lip-balm-stick-4g-3.jpg', 'Moisturizing Lip Balm Stick 4g', 2);

INSERT INTO products (id, slug, brand_id, sku, name, summary, price, compare_at_price, rating_avg, rating_count, sold_count, status) VALUES ('prod:tip-concealer', 'tip-concealer', NULL, NULL, 'Tip Concealer', NULL, 119000, 200000, 5, 30, 0, 'active');
INSERT INTO product_categories (product_id, category_id, is_primary) VALUES ('prod:tip-concealer', 'cat:makeup', 1);
INSERT INTO product_images (id, product_id, url, alt_text, sort_order) VALUES ('img:tip-concealer:1', 'prod:tip-concealer', 'https://assets.pharmacy-vitamin.example/tip-concealer-1.jpg', 'Tip Concealer', 0);
INSERT INTO product_images (id, product_id, url, alt_text, sort_order) VALUES ('img:tip-concealer:2', 'prod:tip-concealer', 'https://assets.pharmacy-vitamin.example/tip-concealer-2.jpg', 'Tip Concealer', 1);
INSERT INTO product_images (id, product_id, url, alt_text, sort_order) VALUES ('img:tip-concealer:3', 'prod:tip-concealer', 'https://assets.pharmacy-vitamin.example/tip-concealer-3.jpg', 'Tip Concealer', 2);
INSERT INTO product_options (id, product_id, name, sort_order) VALUES ('opt:tip-concealer:shade', 'prod:tip-concealer', 'Shade', 0);
INSERT INTO product_option_values (id, option_id, value, sort_order) VALUES ('optval:tip-concealer:shade:shade-01', 'opt:tip-concealer:shade', 'Shade 01', 0);
INSERT INTO product_variants (id, product_id, sku, price, compare_at_price, stock_quantity) VALUES ('var:tip-concealer:shade-01', 'prod:tip-concealer', NULL, 119000, 200000, 50);
INSERT INTO product_variant_option_values (variant_id, option_value_id) VALUES ('var:tip-concealer:shade-01', 'optval:tip-concealer:shade:shade-01');
INSERT INTO product_option_values (id, option_id, value, sort_order) VALUES ('optval:tip-concealer:shade:shade-02', 'opt:tip-concealer:shade', 'Shade 02', 1);
INSERT INTO product_variants (id, product_id, sku, price, compare_at_price, stock_quantity) VALUES ('var:tip-concealer:shade-02', 'prod:tip-concealer', NULL, 119000, 200000, 50);
INSERT INTO product_variant_option_values (variant_id, option_value_id) VALUES ('var:tip-concealer:shade-02', 'optval:tip-concealer:shade:shade-02');

INSERT INTO products (id, slug, brand_id, sku, name, summary, price, compare_at_price, rating_avg, rating_count, sold_count, status) VALUES ('prod:waterproof-brush-eyeliner', 'waterproof-brush-eyeliner', NULL, NULL, 'Waterproof Brush Eyeliner', NULL, 95000, 150000, 5, 42, 0, 'active');
INSERT INTO product_categories (product_id, category_id, is_primary) VALUES ('prod:waterproof-brush-eyeliner', 'cat:makeup', 1);
INSERT INTO product_images (id, product_id, url, alt_text, sort_order) VALUES ('img:waterproof-brush-eyeliner:1', 'prod:waterproof-brush-eyeliner', 'https://assets.pharmacy-vitamin.example/waterproof-brush-eyeliner-1.jpg', 'Waterproof Brush Eyeliner', 0);
INSERT INTO product_images (id, product_id, url, alt_text, sort_order) VALUES ('img:waterproof-brush-eyeliner:2', 'prod:waterproof-brush-eyeliner', 'https://assets.pharmacy-vitamin.example/waterproof-brush-eyeliner-2.jpg', 'Waterproof Brush Eyeliner', 1);
INSERT INTO product_images (id, product_id, url, alt_text, sort_order) VALUES ('img:waterproof-brush-eyeliner:3', 'prod:waterproof-brush-eyeliner', 'https://assets.pharmacy-vitamin.example/waterproof-brush-eyeliner-3.jpg', 'Waterproof Brush Eyeliner', 2);

INSERT INTO products (id, slug, brand_id, sku, name, summary, price, compare_at_price, rating_avg, rating_count, sold_count, status) VALUES ('prod:overnight-lip-sleeping-mask-20ml', 'overnight-lip-sleeping-mask-20ml', NULL, NULL, 'Overnight Lip Sleeping Mask 20ml', NULL, 389000, 460000, 5, 26, 0, 'active');
INSERT INTO product_categories (product_id, category_id, is_primary) VALUES ('prod:overnight-lip-sleeping-mask-20ml', 'cat:makeup', 1);
INSERT INTO product_images (id, product_id, url, alt_text, sort_order) VALUES ('img:overnight-lip-sleeping-mask-20ml:1', 'prod:overnight-lip-sleeping-mask-20ml', 'https://assets.pharmacy-vitamin.example/overnight-lip-sleeping-mask-20ml-1.jpg', 'Overnight Lip Sleeping Mask 20ml', 0);
INSERT INTO product_images (id, product_id, url, alt_text, sort_order) VALUES ('img:overnight-lip-sleeping-mask-20ml:2', 'prod:overnight-lip-sleeping-mask-20ml', 'https://assets.pharmacy-vitamin.example/overnight-lip-sleeping-mask-20ml-2.jpg', 'Overnight Lip Sleeping Mask 20ml', 1);
INSERT INTO product_images (id, product_id, url, alt_text, sort_order) VALUES ('img:overnight-lip-sleeping-mask-20ml:3', 'prod:overnight-lip-sleeping-mask-20ml', 'https://assets.pharmacy-vitamin.example/overnight-lip-sleeping-mask-20ml-3.jpg', 'Overnight Lip Sleeping Mask 20ml', 2);
INSERT INTO product_options (id, product_id, name, sort_order) VALUES ('opt:overnight-lip-sleeping-mask-20ml:size', 'prod:overnight-lip-sleeping-mask-20ml', 'Size', 0);
INSERT INTO product_option_values (id, option_id, value, sort_order) VALUES ('optval:overnight-lip-sleeping-mask-20ml:size:8ml', 'opt:overnight-lip-sleeping-mask-20ml:size', '8ml', 0);
INSERT INTO product_variants (id, product_id, sku, price, compare_at_price, stock_quantity) VALUES ('var:overnight-lip-sleeping-mask-20ml:8ml', 'prod:overnight-lip-sleeping-mask-20ml', NULL, 189000, NULL, 50);
INSERT INTO product_variant_option_values (variant_id, option_value_id) VALUES ('var:overnight-lip-sleeping-mask-20ml:8ml', 'optval:overnight-lip-sleeping-mask-20ml:size:8ml');
INSERT INTO product_option_values (id, option_id, value, sort_order) VALUES ('optval:overnight-lip-sleeping-mask-20ml:size:20ml', 'opt:overnight-lip-sleeping-mask-20ml:size', '20ml', 1);
INSERT INTO product_variants (id, product_id, sku, price, compare_at_price, stock_quantity) VALUES ('var:overnight-lip-sleeping-mask-20ml:20ml', 'prod:overnight-lip-sleeping-mask-20ml', NULL, 389000, 460000, 50);
INSERT INTO product_variant_option_values (variant_id, option_value_id) VALUES ('var:overnight-lip-sleeping-mask-20ml:20ml', 'optval:overnight-lip-sleeping-mask-20ml:size:20ml');

INSERT INTO products (id, slug, brand_id, sku, name, summary, price, compare_at_price, rating_avg, rating_count, sold_count, status) VALUES ('prod:velvet-lip-tint', 'velvet-lip-tint', NULL, NULL, 'Velvet Lip Tint', NULL, 310000, 359000, 5, 11, 0, 'active');
INSERT INTO product_categories (product_id, category_id, is_primary) VALUES ('prod:velvet-lip-tint', 'cat:makeup', 1);
INSERT INTO product_images (id, product_id, url, alt_text, sort_order) VALUES ('img:velvet-lip-tint:1', 'prod:velvet-lip-tint', 'https://assets.pharmacy-vitamin.example/velvet-lip-tint-1.jpg', 'Velvet Lip Tint', 0);
INSERT INTO product_images (id, product_id, url, alt_text, sort_order) VALUES ('img:velvet-lip-tint:2', 'prod:velvet-lip-tint', 'https://assets.pharmacy-vitamin.example/velvet-lip-tint-2.jpg', 'Velvet Lip Tint', 1);
INSERT INTO product_images (id, product_id, url, alt_text, sort_order) VALUES ('img:velvet-lip-tint:3', 'prod:velvet-lip-tint', 'https://assets.pharmacy-vitamin.example/velvet-lip-tint-3.jpg', 'Velvet Lip Tint', 2);
INSERT INTO product_options (id, product_id, name, sort_order) VALUES ('opt:velvet-lip-tint:shade', 'prod:velvet-lip-tint', 'Shade', 0);
INSERT INTO product_option_values (id, option_id, value, sort_order) VALUES ('optval:velvet-lip-tint:shade:shade-01', 'opt:velvet-lip-tint:shade', 'Shade 01', 0);
INSERT INTO product_variants (id, product_id, sku, price, compare_at_price, stock_quantity) VALUES ('var:velvet-lip-tint:shade-01', 'prod:velvet-lip-tint', NULL, 310000, 359000, 50);
INSERT INTO product_variant_option_values (variant_id, option_value_id) VALUES ('var:velvet-lip-tint:shade-01', 'optval:velvet-lip-tint:shade:shade-01');
INSERT INTO product_option_values (id, option_id, value, sort_order) VALUES ('optval:velvet-lip-tint:shade:shade-02', 'opt:velvet-lip-tint:shade', 'Shade 02', 1);
INSERT INTO product_variants (id, product_id, sku, price, compare_at_price, stock_quantity) VALUES ('var:velvet-lip-tint:shade-02', 'prod:velvet-lip-tint', NULL, 310000, 359000, 50);
INSERT INTO product_variant_option_values (variant_id, option_value_id) VALUES ('var:velvet-lip-tint:shade-02', 'optval:velvet-lip-tint:shade:shade-02');

INSERT INTO products (id, slug, brand_id, sku, name, summary, price, compare_at_price, rating_avg, rating_count, sold_count, status) VALUES ('prod:lip-cream', 'lip-cream', NULL, NULL, 'Lip Cream', NULL, 185000, 199000, 5, 6, 0, 'active');
INSERT INTO product_categories (product_id, category_id, is_primary) VALUES ('prod:lip-cream', 'cat:makeup', 1);
INSERT INTO product_images (id, product_id, url, alt_text, sort_order) VALUES ('img:lip-cream:1', 'prod:lip-cream', 'https://assets.pharmacy-vitamin.example/lip-cream-1.jpg', 'Lip Cream', 0);
INSERT INTO product_images (id, product_id, url, alt_text, sort_order) VALUES ('img:lip-cream:2', 'prod:lip-cream', 'https://assets.pharmacy-vitamin.example/lip-cream-2.jpg', 'Lip Cream', 1);
INSERT INTO product_images (id, product_id, url, alt_text, sort_order) VALUES ('img:lip-cream:3', 'prod:lip-cream', 'https://assets.pharmacy-vitamin.example/lip-cream-3.jpg', 'Lip Cream', 2);

INSERT INTO products (id, slug, brand_id, sku, name, summary, price, compare_at_price, rating_avg, rating_count, sold_count, status) VALUES ('prod:volumizing-waterproof-mascara', 'volumizing-waterproof-mascara', NULL, NULL, 'Volumizing Waterproof Mascara', NULL, 149000, 189000, 0, 0, 1749, 'active');
INSERT INTO product_categories (product_id, category_id, is_primary) VALUES ('prod:volumizing-waterproof-mascara', 'cat:makeup', 1);
INSERT INTO product_images (id, product_id, url, alt_text, sort_order) VALUES ('img:volumizing-waterproof-mascara:1', 'prod:volumizing-waterproof-mascara', 'https://assets.pharmacy-vitamin.example/volumizing-waterproof-mascara-1.jpg', 'Volumizing Waterproof Mascara', 0);
INSERT INTO product_images (id, product_id, url, alt_text, sort_order) VALUES ('img:volumizing-waterproof-mascara:2', 'prod:volumizing-waterproof-mascara', 'https://assets.pharmacy-vitamin.example/volumizing-waterproof-mascara-2.jpg', 'Volumizing Waterproof Mascara', 1);
INSERT INTO product_images (id, product_id, url, alt_text, sort_order) VALUES ('img:volumizing-waterproof-mascara:3', 'prod:volumizing-waterproof-mascara', 'https://assets.pharmacy-vitamin.example/volumizing-waterproof-mascara-3.jpg', 'Volumizing Waterproof Mascara', 2);

INSERT INTO users (id, email, password_hash, name, phone) VALUES ('user:lan', 'lan.nguyen@example.com', 'seed-placeholder-not-a-real-hash', 'Nguyễn Thị Lan', '0901234567');
INSERT INTO users (id, email, password_hash, name, phone) VALUES ('user:minh', 'minh.tran@example.com', 'seed-placeholder-not-a-real-hash', 'Trần Văn Minh', '0912345678');
INSERT INTO users (id, email, password_hash, name, phone) VALUES ('user:huong', 'huong.pham@example.com', 'seed-placeholder-not-a-real-hash', 'Phạm Thị Hương', '0923456789');

INSERT INTO addresses (id, user_id, recipient_name, phone, line1, city, country, is_default) VALUES ('addr:0', 'user:lan', 'Nguyễn Thị Lan', '0901234567', '123 Nguyễn Huệ', 'Ho Chi Minh City', 'VN', 1);
INSERT INTO addresses (id, user_id, recipient_name, phone, line1, city, country, is_default) VALUES ('addr:1', 'user:minh', 'Trần Văn Minh', '0912345678', '45 Lê Lợi', 'Ho Chi Minh City', 'VN', 1);
INSERT INTO addresses (id, user_id, recipient_name, phone, line1, city, country, is_default) VALUES ('addr:2', 'user:huong', 'Phạm Thị Hương', '0923456789', '78 Trần Hưng Đạo', 'Ho Chi Minh City', 'VN', 1);

INSERT INTO orders (id, order_number, user_id, status, shipping_address_id, subtotal, shipping_fee, discount_total, total, payment_method, placed_at) VALUES ('order:PV-000001', 'PV-000001', 'user:lan', 'delivered', 'addr:0', 183000, 0, 0, 183000, 'cod', '2026-06-20 09:15:00');
INSERT INTO order_items (id, order_id, product_id, product_name_snapshot, unit_price_snapshot, quantity, line_total) VALUES ('orderitem:PV-000001:0', 'order:PV-000001', 'prod:caryophy-skin-repair-mask-sheet-25g', 'Skin Repair Sheet Mask 25g', 22000, 2, 44000);
INSERT INTO order_items (id, order_id, product_id, product_name_snapshot, unit_price_snapshot, quantity, line_total) VALUES ('orderitem:PV-000001:1', 'order:PV-000001', 'prod:brightening-sunscreen-spf50-pa-50ml', 'Brightening Sunscreen SPF50+ PA++++ 50ml', 139000, 1, 139000);

INSERT INTO orders (id, order_number, user_id, status, shipping_address_id, subtotal, shipping_fee, discount_total, total, payment_method, placed_at) VALUES ('order:PV-000002', 'PV-000002', 'user:minh', 'shipped', 'addr:1', 569000, 20000, 0, 589000, 'bank_transfer', '2026-07-01 14:30:00');
INSERT INTO order_items (id, order_id, product_id, product_name_snapshot, unit_price_snapshot, quantity, line_total) VALUES ('orderitem:PV-000002:0', 'order:PV-000002', 'prod:vitamin-c-brightening-serum-30ml', 'Vitamin C Brightening Serum 30ml', 259000, 1, 259000);
INSERT INTO order_items (id, order_id, product_id, product_name_snapshot, unit_price_snapshot, quantity, line_total) VALUES ('orderitem:PV-000002:1', 'order:PV-000002', 'prod:velvet-lip-tint', 'Velvet Lip Tint', 310000, 1, 310000);

INSERT INTO orders (id, order_number, user_id, status, shipping_address_id, subtotal, shipping_fee, discount_total, total, payment_method, placed_at) VALUES ('order:PV-000003', 'PV-000003', 'user:huong', 'paid', 'addr:2', 447000, 20000, 0, 467000, 'card', '2026-07-05 11:00:00');
INSERT INTO order_items (id, order_id, product_id, product_name_snapshot, unit_price_snapshot, quantity, line_total) VALUES ('orderitem:PV-000003:0', 'order:PV-000003', 'prod:moisturizing-lip-balm-stick-4g', 'Moisturizing Lip Balm Stick 4g', 149000, 3, 447000);

INSERT INTO orders (id, order_number, user_id, status, shipping_address_id, subtotal, shipping_fee, discount_total, total, payment_method, placed_at) VALUES ('order:PV-000004', 'PV-000004', 'user:lan', 'pending', 'addr:0', 22000, 20000, 0, 42000, 'cod', '2026-07-12 16:45:00');
INSERT INTO order_items (id, order_id, product_id, product_name_snapshot, unit_price_snapshot, quantity, line_total) VALUES ('orderitem:PV-000004:0', 'order:PV-000004', 'prod:caryophy-skin-repair-mask-sheet-25g', 'Skin Repair Sheet Mask 25g', 22000, 1, 22000);

